1.604352269000000053e+00	2.626083104999999973e-01	-9.277463701000000507e-01	1.976741505000000065e-01	-1.161765307000000025e+00	1.804768146000000018e+00	6.041390879999999908e-02	-2.173222302000000106e+00	9.674356548000000444e-01	4.934861158000000136e-01	-1.573590462000000079e+00	-9.563078138999999700e-01	-1.974416192000000070e+00	3.870810912000000048e-01	1.047753372000000072e+00	-6.624656991999999800e-01	-7.286256007000000423e-01	-2.443221102000000047e-02	-6.546523915999999943e-01	-1.750084412000000089e+00	-1.561780195000000093e+00	-9.903226349000000539e-01	-1.206996135000000026e+00	2.079688967999999971e-01	5.497162725000000194e-02	-4.802087268999999936e-01	-1.329267372999999974e+00
1.554762624999999954e+00	2.189834578000000032e-01	-7.670317948000000552e-01	-6.242403054999999812e-01	-1.753065539999999922e+00	1.688864256000000008e+00	-9.122174208000000117e-02	-2.252217792999999801e+00	7.683398927000000267e-01	7.210977004999999940e-01	-1.761450033000000026e+00	-7.053877938000000514e-01	-1.678259232000000045e+00	4.695381846000000192e-01	1.659190960000000103e+00	-6.378036135000000328e-01	-7.127566403999999745e-01	-2.032652276999999952e-01	-2.352717075999999796e+00	-1.346053983000000009e+00	-1.733002675000000048e+00	-8.075721002000000315e-01	-1.602019502999999956e+00	-4.453627182000000073e-01	-4.174376915999999937e-01	-3.439228092000000125e-01	-2.018730205999999860e+00
1.504955594999999979e+00	2.806259467000000174e-01	-1.054567424000000031e+00	-6.639280249000000245e-01	-1.328890432999999982e+00	1.438778361000000006e+00	-2.681324236000000028e-01	-2.104842237999999810e+00	1.018464682000000066e+00	7.044955031999999839e-01	-1.440029255000000008e+00	-7.708175594999999714e-01	-1.473044522999999995e+00	2.615315467000000060e-01	1.435249838999999916e+00	-5.884747337000000300e-01	-7.907358513000000144e-01	6.652733549999999552e-01	-1.704073093999999955e+00	-1.162664326000000026e+00	-1.135728413999999908e+00	1.556404133000000023e-01	-1.565680992000000105e+00	-1.533204870999999914e+00	-4.376074506000000031e-01	-1.866115908999999906e+00	-2.137677504000000006e+00
1.612534002999999938e+00	2.503802837999999920e-01	-7.078468984000000352e-01	-2.723652891000000187e-01	-9.839917619000000393e-01	1.789750259000000066e+00	-9.995542523000000568e-02	-1.632945925000000020e+00	1.239693535000000013e+00	6.465306724999999588e-01	-1.290342700000000065e+00	-9.256588928999999466e-02	-2.098366597000000056e+00	8.877184489999999650e-01	1.196765553999999954e+00	-7.714518405000000412e-01	-7.369407692999999648e-01	2.539626482999999824e-01	-2.698105042000000231e-01	-1.838590166999999997e+00	-8.784528356999999898e-01	-6.590933172999999812e-01	-1.083659480999999980e+00	-1.097560861999999915e+00	-4.536490923000000008e-01	-1.440253666000000099e-01	-1.804298353000000077e+00
1.618897105999999919e+00	3.149549128999999947e-01	-8.694637430999999639e-01	4.565890998000000089e-01	-7.260828770999999682e-01	1.648402104000000090e+00	1.431893472000000112e-01	-1.731666157000000039e+00	1.099350746999999906e+00	6.279649030999999715e-01	-7.892810221999999598e-01	-3.966091380999999666e-02	-1.532735106999999930e+00	7.198470415000000067e-01	1.269188195999999991e+00	-7.157485484000000175e-01	1.986620487000000101e-01	-1.155464295000000030e+00	-1.078792148000000006e+00	-8.783898664999999495e-01	-8.599378318000000521e-01	1.554696911000000015e-01	-8.597121267999999761e-01	-1.641473130000000058e+00	3.716684832000000105e-01	-7.278257074999999743e-02	-1.215028039999999976e+00
1.615034426000000023e+00	3.794136301000000100e-01	-5.130703789999999653e-01	6.632480638000000095e-01	-6.743293130999999940e-01	1.576094912999999931e+00	2.535437252000000141e-01	-2.120988931999999938e+00	8.342660318000000297e-01	6.342764083999999913e-01	-9.345286453000000160e-01	-2.325015347000000121e-01	-5.212711473000000151e-01	5.283722862999999936e-01	5.084187516000000517e-01	-1.226696583999999923e+00	1.581387046000000129e-01	-4.883670104000000234e-01	1.043591549000000007e-01	-4.028371913000000082e-01	-5.552353742000000203e-01	4.074595571999999888e-01	-1.868955793000000032e+00	-1.183003126000000016e+00	-2.169596287999999915e-03	-1.683952179000000049e+00	-8.093890924000000098e-01
1.520034843999999996e+00	4.530919608000000265e-01	-6.438112982000000484e-01	8.467280941000000505e-01	-8.347666085999999597e-01	1.634064356999999967e+00	6.905167883000000451e-02	-1.642060693999999987e+00	1.101710831999999973e+00	5.115920877999999838e-01	-9.744874640999999782e-01	-1.732824329000000052e-01	-2.784685937999999972e-01	6.971002023000000269e-01	1.137368340999999949e+00	-1.400538724000000013e+00	4.923547826999999932e-01	3.842615690999999778e-01	-2.847878365000000023e-01	-2.341764787999999875e+00	-3.505113460000000014e-01	1.430620471000000060e-01	-1.878078539999999963e+00	-1.127160785999999915e+00	-1.163998730999999953e+00	-4.713855589000000013e-01	1.950151611000000007e-01
1.460384313999999906e+00	5.384665198000000430e-01	-6.204646108000000382e-01	6.214436171999999647e-01	-6.373030968999999768e-01	1.693345533000000014e+00	1.882360198999999956e-01	-1.901601043000000102e+00	1.212939178000000062e+00	4.936364523999999809e-01	-7.905981118999999557e-01	-1.849415788000000060e-01	1.073459635000000023e-01	2.902113904999999994e-01	1.125632109999999964e+00	-1.094950902999999975e+00	3.520290544999999938e-01	5.875022503000000285e-01	-1.111275003999999900e+00	-1.651097280999999917e-01	-9.755466779000000477e-01	3.489159165999999868e-01	-2.010602909999999799e+00	-1.273923506000000039e+00	-9.273644724999999811e-01	2.299231555000000038e-01	8.606184987999999647e-01
1.503729287999999942e+00	5.309767414999999602e-01	-7.850607511999999621e-01	3.061509302000000043e-01	-5.701011706999999928e-01	1.730044944000000084e+00	-1.490912779999999972e-02	-2.176746961000000091e+00	1.320132115999999911e+00	4.146614334000000013e-01	-1.081767734000000036e+00	-3.819843900000000070e-01	1.221531547999999967e-01	1.412867616000000048e-01	9.466327379000000208e-01	-6.700439489999999720e-01	6.121183598999999642e-01	1.015810099999999994e-01	8.331544016000000386e-02	-1.085796007999999979e+00	-1.148001204999999914e+00	4.707317876000000068e-01	-1.237886856999999896e+00	-1.080542209000000087e+00	4.262407492999999992e-01	-2.268141455999999945e+00	9.744438860999999896e-01
1.423659373000000006e+00	5.205649140000000452e-01	-7.308015381000000366e-01	-1.086971352999999973e-01	-7.969070783999999685e-01	1.682009759000000049e+00	1.597572093999999887e-01	-2.056265593000000003e+00	1.689697956000000056e+00	4.379702945999999764e-01	-1.171916525999999958e+00	-5.999932918999999892e-02	3.994727533999999913e-01	-1.881336767000000021e-01	1.200404518000000031e+00	-1.266953612000000007e+00	3.938181921000000196e-01	1.039377290000000065e-01	-1.114439393999999917e+00	-2.103338819999999831e+00	-1.006931589999999987e+00	3.544828637999999921e-03	-1.338048922999999890e+00	1.963494868000000004e-01	-1.320864582000000009e+00	6.667167552999999844e-03	1.404185403000000054e+00
1.431213018000000003e+00	4.376586163999999779e-01	-1.140207715999999927e+00	-4.625737913999999895e-01	-7.654405909999999480e-01	1.602707805999999957e+00	-1.229109857000000028e-01	-1.989439332999999976e+00	1.506711141000000032e+00	3.006060059999999812e-01	-1.253613226999999997e+00	-4.846083818999999959e-01	-1.467228483999999944e-01	-1.922697965000000064e-01	1.250660362999999942e+00	-9.661646720000000021e-01	-7.091227540000000218e-01	-4.202889388000000115e-02	-1.381737495000000093e+00	-4.368590600000000213e-01	-1.984984005000000051e+00	4.747036944999999952e-01	-6.543649194999999752e-01	-1.549157823999999906e+00	4.346491992000000026e-01	-8.393863772999999862e-01	7.164663275000000553e-01
1.518464362000000012e+00	4.469190479999999854e-01	-8.079709761000000157e-01	-1.968432760000000115e-01	-5.473180445999999977e-01	1.513805837000000043e+00	1.846605799000000103e-01	-1.935818363000000097e+00	1.897477469000000028e+00	3.065016200999999829e-01	-1.238561991999999945e+00	-1.693474684000000063e-01	5.479772975000000296e-02	8.081790977000000153e-02	4.630748787999999783e-01	-1.392007497000000038e+00	-3.417024463000000178e-01	5.343783440999999579e-01	-3.691128620999999943e-01	-1.512655966000000074e+00	-1.129842424000000012e+00	7.991692698999999789e-02	-7.032881917000000094e-01	-7.281739432999999595e-01	-1.296205539000000018e+00	-3.307836816999999985e-01	7.782551561999999645e-01
1.430636894000000048e+00	4.132551768000000125e-01	-1.209043534999999947e+00	-1.057755187999999957e-01	-4.584323044999999985e-01	1.435226582000000084e+00	-7.987500281999999896e-02	-1.812857362999999999e+00	2.004867885999999988e+00	4.664242632000000222e-01	-1.024661642999999955e+00	-9.804013769999999628e-01	-2.263238593000000132e-01	3.338204021000000243e-01	6.462375312000000482e-01	-6.889822107999999945e-01	-9.636784573000000131e-01	-7.548820243999999624e-01	-2.097291981000000138e+00	-6.126209658000000280e-01	-1.354147599999999896e+00	-8.297340022999999398e-02	-1.110602683000000007e-01	-2.530237812999999725e-01	-2.128870174999999976e-01	-3.269880964999999917e-01	8.101702132000000445e-01
1.526791873999999938e+00	2.808870411000000122e-01	-6.407523550999999484e-01	-2.840928628000000122e-01	-5.623046071999999729e-01	1.328696724000000051e+00	8.869772992999999661e-02	-1.457661072999999918e+00	1.929589487999999964e+00	2.248503527000000057e-01	-1.047456305000000087e+00	-1.477975736000000095e+00	-1.628513542999999952e+00	-1.733325445999999992e-01	1.127927028999999998e-01	-7.351880507000000398e-01	-1.185346828999999991e+00	6.411319255999999855e-01	-5.207276522999999546e-01	-7.071241481000000162e-01	-1.216226424000000028e+00	4.430689937000000245e-01	-8.139477725000000136e-03	2.895590096999999807e-01	-2.259955611000000086e+00	-1.622281890000000004e+00	-5.111993128000000275e-02
1.375854850999999934e+00	4.616603845000000206e-01	-9.761861362000000542e-01	-2.052138864999999979e-01	-6.216923624000000315e-01	1.747579752999999902e+00	-4.408549483000000213e-02	-1.025986134000000050e+00	1.707093140000000009e+00	3.431430265000000035e-01	-1.406477519999999926e+00	-1.068605092999999950e+00	-1.150878161999999927e+00	3.124820703999999782e-01	9.479658692000000331e-01	-1.408070544000000091e+00	-3.514030063999999953e-01	-5.238892642000000377e-01	-1.765847504999999984e+00	-1.802660321000000065e+00	-1.143753915000000010e+00	7.896275394000000503e-02	4.253075944999999969e-01	-9.923112331000000230e-01	-1.129600476999999964e-01	-8.803881505999999746e-02	2.093338929000000126e-01
1.464509335000000023e+00	3.682944548000000040e-01	-5.781558917000000353e-01	-5.928247422000000322e-01	-8.397652063999999639e-01	1.360151716000000066e+00	1.930621399000000127e-01	-1.131241638999999966e+00	1.958248305999999994e+00	1.557382958000000095e-01	-1.418733644000000016e+00	-1.334390913000000012e+00	-1.292286443999999923e+00	-5.082299724000000074e-01	6.698459722999999810e-01	-1.539124667999999918e+00	-9.875772996999999664e-01	5.299268024000000077e-01	-2.337611179000000039e+00	-5.262007816999999532e-01	-1.695410006999999997e+00	1.693898624999999880e-01	1.618273721000000054e-01	-1.160875949000000018e+00	-1.388267681999999947e+00	-1.913444930000000044e+00	-4.061930058000000066e-01
1.433926955000000003e+00	3.140619064999999877e-01	-1.064320885000000105e+00	-7.817863845000000422e-01	-6.137757108000000406e-01	1.539849672999999974e+00	-1.568538624999999964e-01	-1.254027132000000044e+00	2.113339383000000016e+00	1.681928490000000054e-01	-1.100100429999999907e+00	-9.932235683000000259e-01	-1.251606296999999923e+00	1.855920215999999900e-01	4.013231737999999882e-01	-1.669957925000000065e+00	-9.174201540999999960e-01	4.660020281999999736e-01	-4.493084842000000245e-01	-1.293395907999999928e+00	-7.880737502000000338e-01	5.887482119000000402e-01	5.454757454999999977e-01	-3.087766363000000180e-01	-1.387707430000000075e+00	-1.491985039000000013e-01	-4.164471607999999936e-01
1.488248978999999972e+00	4.156651027000000109e-01	-5.086036151999999699e-01	-6.086460915000000416e-01	-8.429141735999999829e-01	1.455864366999999993e+00	3.812725357999999787e-01	-1.734135076999999914e+00	2.183944031999999869e+00	2.280057080000000014e-01	-9.539611891999999482e-01	-1.430747768000000031e+00	-8.684607431999999960e-01	-4.577456563999999783e-01	5.757626984999999475e-01	-9.734985306000000227e-01	-1.839506874000000070e-01	-4.197437080000000070e-02	-2.491177253000000036e+00	-9.903487564999999826e-01	-1.025493452000000083e+00	3.362590602000000151e-01	4.128728636999999813e-01	-6.478178545999999649e-01	-6.526064207999999756e-01	-5.188840040000000098e-01	-5.686025380000000323e-02
1.450934388000000075e+00	3.455257180999999900e-01	-1.260321884999999975e+00	-7.444775238999999933e-01	-6.915386523000000007e-01	1.248861980000000038e+00	-2.647937069999999893e-01	-1.312900844000000067e+00	2.016723921000000086e+00	1.649428143999999985e-01	-1.181307907000000101e+00	-1.885498727999999957e+00	-1.435151081999999967e+00	2.666333781999999930e-01	8.268547687999999729e-01	-8.339647893999999617e-01	-9.628536514000000102e-01	-1.349334884000000061e-02	-5.432423947000000197e-01	-9.217325590999999596e-01	-7.001842192999999659e-01	8.471678751000000229e-01	4.739365112999999741e-01	-1.357629331000000106e-01	-1.070378150000000028e+00	-1.629662587999999968e+00	-4.781720996000000112e-01
1.613728679999999915e+00	2.793418098000000072e-01	-5.477284010999999841e-01	-2.571803053000000228e-01	-7.080459717999999514e-01	8.343263136999999885e-01	3.504026579999999780e-01	-1.163115643000000032e+00	1.894120951999999969e+00	-4.176478461000000114e-02	-1.358869415000000025e+00	-1.288711936999999974e+00	-1.409738627000000077e+00	8.790303178999999689e-01	8.898135029999999501e-01	-9.533852564000000473e-01	-8.004738343999999728e-01	-7.954449016000000316e-01	-1.600023294999999957e+00	-1.538694626999999926e+00	-4.415442480999999808e-01	1.527146305000000037e+00	3.010862005000000119e-01	-9.684333148999999530e-01	-7.668509285000000286e-01	3.306762667000000266e-02	-5.737002436999999455e-01
1.401982797000000058e+00	4.214186060999999817e-01	-1.378666957000000082e+00	-3.994397364000000228e-01	-8.126208504999999915e-01	9.716559115999999774e-01	-3.704732164000000272e-01	-1.332232958000000078e+00	2.151704071000000162e+00	1.748972782999999864e-01	-1.103825333999999936e+00	-1.357038503999999923e+00	-1.595234268000000011e+00	2.801934502000000271e-01	6.033057701999999800e-01	-1.580938468999999902e+00	-6.228365544999999726e-01	-4.931295026000000366e-03	-8.143688879999999575e-01	4.316557495000000189e-01	-4.878741560000000033e-01	2.020213303999999876e+00	-3.652345893000000232e-01	-1.416036577999999935e+00	-8.306739905000000146e-01	-1.098237641000000098e+00	-6.766559619999999997e-01
1.645741730999999985e+00	4.531579148000000057e-01	-1.215937036999999998e-01	-3.054699111999999994e-01	-7.955640842000000212e-01	1.116452015999999992e+00	5.722492792000000161e-01	-1.603404776999999948e+00	2.030318987999999880e+00	-5.577917332000000006e-02	-8.755712421000000356e-01	-7.275320615999999463e-01	-1.015055677999999961e+00	3.471567929000000108e-01	3.696099207999999914e-01	-2.321583350000000046e+00	7.383035935999999744e-01	-1.420588809000000063e+00	-2.399881925000000027e-01	-1.469460831999999995e+00	-6.839910801000000096e-02	1.339155534999999952e+00	-7.286548898000000385e-01	-4.690240462999999971e-01	-4.236849845999999808e-01	-1.112307425000000016e+00	-2.705260029000000066e-01
1.399307843999999967e+00	4.062606004000000048e-01	-1.708581080999999946e+00	-1.699413642000000002e-01	-5.344090124999999469e-01	1.349877608999999978e+00	-4.039906478999999995e-01	-1.655948710000000101e+00	1.887842419000000049e+00	3.161398083999999997e-01	-8.056762599000000247e-01	-1.147455050999999893e+00	-4.666787177000000231e-01	2.799504773000000002e-02	4.809513042999999932e-01	-1.358801321999999923e+00	8.516581826000000355e-01	-2.077893577999999908e-01	-6.719446676000000451e-01	-5.459144057000000494e-01	8.305311779000000560e-02	2.321134170000000108e+00	-4.848527093000000177e-01	-9.399297915000000003e-01	-3.946015138000000255e-01	5.278937755999999482e-01	1.529259567000000042e-01
1.846060425999999977e+00	5.008322189999999674e-01	9.084247203999999964e-01	2.922284472000000188e-01	-3.232106228000000137e-01	4.531759887999999847e-01	9.868907921999999777e-01	-1.548498076000000001e+00	1.319741628000000055e+00	-2.712479020999999935e-01	-6.970689448000000343e-01	-7.696671258999999710e-01	5.249661477000000520e-01	-2.624051001000000105e-01	-2.217112167999999994e-01	-1.982504116999999955e+00	-1.978481752000000038e-01	-1.336641929000000006e+00	-4.959664857000000149e-01	8.985207981999999982e-02	-5.108864279999999480e-01	-5.087872773999999598e-01	-2.123604266000000074e+00	1.468101307000000029e-02	3.376783044000000039e-02	-1.982345604999999900e+00	5.556971218999999795e-01
2.479641236000000026e-01	-9.837268919000000805e-03	-7.364980480999999912e+00	3.235649910999999768e-01	1.420764681999999945e+00	9.163877083000000479e-01	-9.484608641999999534e+00	1.047288586000000077e+00	1.357340717999999891e+00	-1.878825321000000104e+00	8.467400058999999812e-01	-1.295182684000000028e+00	1.022452455000000038e+00	9.868008490999999327e-02	-4.714228963000000050e-01	-6.757248792000000170e-01	2.179283324000000077e-01	-7.244757152999999894e-01	-1.312154081000000083e+00	-3.457662051000000014e-01	4.609983896000000025e-01	-3.320342209000000100e+00	-1.914800096000000007e+00	1.006929960999999984e+00	1.291757164000000069e+00	3.309034228000000133e-01	-3.917309204000000156e-01
5.426013407999999982e-01	3.906621780999999793e-01	-3.145764256000000092e+00	1.109537274000000018e+00	1.776918751999999879e-01	2.990882349000000273e-01	3.928552745999999818e+00	4.984355563999999794e-01	2.260666011999999947e-01	-1.001426273000000089e+00	2.638226792000000209e-01	-2.193265202999999941e-01	-7.023138515000000581e-02	2.066432287999999950e-01	-1.202489984999999928e+00	-9.486190543000000419e-01	3.031040288999999888e-01	1.151315698000000110e+00	-4.217340654999999772e-01	5.067836827999999683e-01	-1.830994294999999938e-01	-1.737928472999999974e+00	-3.448334283000000222e-01	9.510383663999999460e-02	-2.779935303000000135e-01	-1.775683013000000088e+00	-4.275273075000000089e-01
9.184472671000000199e-01	3.373911887000000109e-01	1.001536164000000007e+00	-2.273417793999999992e-01	-6.921899473999999497e-01	-7.360395677999999331e-02	1.807638371999999993e+00	2.077639500000000028e-01	-2.818094300999999802e-01	-1.789182196000000058e+00	-4.449442854999999947e-02	-5.945031179999999971e-01	-1.373080139000000033e+00	-5.039253125999999527e-01	-2.041459071999999875e+00	-9.341971790999999969e-01	-9.839140701999999905e-01	-8.520826468000000653e-02	-1.594733453999999995e+00	-1.217282030000000015e+00	-1.911347992000000051e+00	-6.346363015000000551e-01	-5.957538215000000026e-01	2.439262058000000177e+00	-3.923221872000000054e-01	-1.599930772000000001e+00	-9.846470336999999518e-01
4.980537622999999803e-01	3.965070627999999764e-01	-1.085627906000000031e+00	-1.142275136000000080e+00	-1.167873718999999921e+00	7.464632613999999666e-02	-3.504224254000000149e-01	7.098634955999999496e-01	-2.837241025000000194e-01	-1.374860414999999891e+00	-2.924291989000000203e-01	-8.245722375000000270e-02	-5.414958173999999680e-01	3.709852203999999820e-01	-9.424474667000000139e-01	-1.850661475999999972e+00	-6.078183902999999555e-01	3.686932848000000207e-01	-1.058258630999999950e+00	-6.667298763000000239e-01	-7.123679655000000333e-01	-5.666415811999999663e-01	4.333992875000000078e-01	-9.162633433000000327e-01	1.337994456999999970e+00	3.409953548999999917e-01	-1.944934401999999896e+00
7.830302008999999730e-01	5.195899416999999465e-01	4.998142360999999756e-01	-2.010608196000000097e-02	-1.054791602000000106e+00	-1.641262927999999899e-01	8.745021173000000481e-01	4.621848297000000216e-01	-1.976737527999999910e-01	-1.222884019000000100e+00	5.062012596999999614e-01	1.368744710000000087e+00	2.038926675000000133e-01	6.478516163999999966e-01	-1.471268538999999986e+00	-1.907390059999999998e+00	2.507564574999999740e-01	-7.444162393000000044e-01	-1.417938688000000003e-01	-4.135846765000000258e-01	4.921288111000000215e-02	8.185847298999999744e-01	-5.493210080999999523e-01	-6.546824687000000198e-01	9.366589079999999498e-03	-1.798148437999999905e+00	-7.384076017999999797e-01
5.517366929999999448e-01	6.332886256999999963e-01	-6.432191738000000436e-01	2.182244819999999974e-01	-1.306577370000000071e+00	-5.997110116999999907e-02	-1.835381054999999928e-01	1.957531912000000096e-01	-6.430487580000000536e-01	-6.929128903000000284e-01	-1.539508353000000052e-01	4.358733318999999939e-01	1.072147927000000056e-01	4.659889123000000022e-01	-9.732490387000000132e-01	-9.756552300999999164e-03	-7.365064252999999894e-01	3.588651810999999858e-01	-8.371869562999999514e-01	-1.453417087999999913e+00	3.689015690999999930e-01	4.206716900999999953e-01	-6.711738580999999648e-01	6.429285543000000380e-02	-1.378409795000000049e+00	-5.283168022999999991e-01	3.476164593000000136e-01
5.283723529999999613e-01	5.964480530000000336e-01	4.099191374999999748e-01	-4.497520029000000030e-01	-1.170587961000000066e+00	1.021995339000000003e-01	3.373177755000000277e-01	-2.320039647999999968e-02	-8.354466107000000363e-01	-5.609743474999999702e-01	-7.482093641000000517e-01	-9.370998549000000288e-01	2.961227284999999876e-01	-8.096212579999999548e-01	-1.159554782000000062e+00	-3.348318288000000087e-01	-4.795036030000000005e-01	-6.168098872999999704e-02	-1.480634570000000094e+00	4.499152455000000050e-01	6.274857275999999873e-01	3.569976455000000160e-01	-1.000710583000000042e+00	-4.646673592000000186e-01	-1.557663838999999939e+00	-4.675585870000000255e-01	-3.318370080999999971e-01
3.730254143000000244e-01	6.440830175999999740e-01	-2.688749107000000249e-01	-7.698541598000000485e-01	-1.156343504999999938e+00	2.093525039999999948e-01	-1.502985446000000003e-01	2.319185518000000112e-01	-7.374912659000000259e-01	-6.351842573999999519e-01	-1.097631314000000025e+00	-1.077404543000000103e+00	4.419992759000000021e-02	-6.930632893999999489e-01	-1.113354112999999979e+00	-1.878013380000000121e-01	-3.560742780999999746e-01	-1.799754754000000012e-01	2.402761165999999990e-02	-1.699045898000000054e+00	6.118206602000000327e-01	-7.947951296999999915e-02	-6.212904274999999643e-01	-3.114444308000000050e-01	-1.331861832000000023e-01	-1.010896098999999992e+00	-6.452421480999999404e-02
4.108942942000000098e-01	5.597221771000000512e-01	2.683392303000000090e-01	-9.724349860000000012e-01	-7.617259504000000181e-01	-5.866346153000000230e-02	3.141793473999999753e-01	3.368724225999999988e-01	-7.770892904999999740e-01	-4.085486241999999879e-01	-9.327644054000000517e-01	-6.795139907999999673e-01	-5.010345535000000350e-01	-1.174864802000000097e+00	-1.281038069999999918e+00	-9.264844719000000506e-01	-3.549275760000000224e-01	1.788670898999999981e-01	-9.010931906000000380e-01	-3.102147451000000222e-01	4.365500728999999747e-01	6.935023259000000495e-01	-1.090042465000000016e+00	-3.310144257000000034e-01	-2.344951175999999915e+00	1.246138342000000065e+00	-5.309884916999999538e-01
3.195813900000000207e-01	6.839837009000000467e-01	-5.887887854999999948e-02	-8.733848210000000334e-01	-4.728223201999999792e-01	5.958343950000000167e-02	-2.585946204999999831e-01	3.426995141999999994e-01	-4.854954269000000266e-01	-4.268380750999999917e-01	-8.301275857000000036e-01	-1.590973815999999985e+00	6.483624133999999796e-04	-5.754539287000000058e-01	-8.901608127000000259e-01	-4.127836912999999774e-01	-3.997786416999999926e-01	5.159879969999999622e-03	6.833148674000000256e-01	-5.097967996000000168e-01	4.996188006999999764e-01	7.340809620999999476e-04	-6.459225236000000203e-01	-1.397350968000000027e+00	6.084072512000000543e-01	-1.488749759999999922e+00	6.546562443999999654e-03
3.231056821000000134e-01	6.527833457999999700e-01	2.077937824999999961e-01	-5.885476648999999894e-01	-4.173817341000000125e-01	-2.236381909000000057e-01	9.940475891000000175e-02	4.568676315999999904e-01	-4.916630976999999958e-01	-1.300086192999999890e-01	-5.034191367000000472e-01	-9.164619882000000217e-01	-5.435578201999999859e-01	-1.829209693999999942e-01	-5.149456996000000286e-01	-1.765984959000000132e-01	-3.505723412000000261e-01	-9.046652597000000295e-02	-9.121263982999999742e-01	-1.717315431000000059e+00	7.528652205000000430e-01	4.284747584999999970e-01	-1.226918394999999995e+00	-7.263510675999999833e-02	-2.323332485999999975e+00	2.116212796999999979e-01	9.136640988999999990e-01
1.993338712000000124e-01	7.119012317999999784e-01	-2.813954991000000017e-01	-7.231392468999999767e-01	-5.500273902000000215e-01	6.453610728000000463e-02	-3.045043785000000058e-01	2.147504188999999897e-01	-8.774916538999999460e-01	-9.906073031999999834e-02	-5.485310354000000332e-01	-1.256132357000000033e+00	-1.214825462999999939e+00	-6.984376988999999591e-01	-5.734865798999999598e-01	-1.102953680000000047e-01	-6.356460457000000508e-01	9.058660665000000112e-01	-1.727571280000000098e-01	8.254819583000000405e-01	-1.447246523000000062e-01	3.312715380999999848e-01	-1.155667041999999922e+00	-1.677531372000000021e+00	-3.529488823999999969e-01	-3.727480704999999728e-01	5.021655660999999604e-01
2.904506790999999977e-01	6.308580488999999680e-01	2.331374109000000083e-01	-6.822431515000000335e-01	-3.637283190999999749e-01	1.002782861999999969e-01	1.494168640999999909e-01	5.960461988999999905e-01	-2.365396119000000019e-01	2.551757846000000073e-03	4.591975498999999877e-02	2.865360269000000182e-01	-6.646190739999999764e-01	-1.390407053000000115e-01	-5.825056518000000239e-01	-1.100022113999999940e+00	1.926678105999999890e-01	-2.794881607999999962e-01	2.943171061000000033e-01	-1.311651012000000005e+00	-2.209703165000000136e-01	2.434966234000000007e-01	-1.091723073999999905e+00	-9.492878889000000431e-01	-1.738498253999999910e-01	-1.636279254000000127e-01	1.493621195000000013e+00
2.608029338000000252e-01	7.425270505000000076e-01	-7.982070682000000361e-02	-2.705732478000000274e-01	-2.985220652999999724e-01	3.216438750999999763e-01	-4.623012309999999930e-02	1.801443090000000025e-01	-3.774808472000000248e-01	6.057850746999999814e-01	4.880480716999999746e-01	4.443209238999999977e-01	7.581223537999999540e-02	-8.054077845999999541e-01	-8.768239787999999590e-01	-5.496034064000000496e-01	5.152627652999999808e-02	-4.279138533999999883e-01	-7.721318269000000400e-01	7.676422715999999813e-01	-2.049534755000000097e-01	-9.053420299000000115e-01	2.575535724999999942e-01	-6.803482914999999798e-01	-3.239789923999999988e-01	3.526936265999999764e-01	1.379135932000000064e+00
4.218222251000000034e-01	7.122714606000000170e-01	-3.117740555999999955e-02	-6.642343768999999787e-01	-4.201698185000000141e-01	-2.653471431000000158e-01	8.138532196999999357e-02	5.746418986000000340e-01	-5.500262857000000061e-01	-2.630628049000000024e-01	1.751020446999999924e+00	7.333911600000000419e-01	4.522679922000000241e-01	-2.012049025000000047e-01	1.022331461999999913e+00	9.103750785999999984e-01	-1.061215159999999935e+00	-5.757931757000000345e-02	4.988578464000000268e-01	-2.869962343999999874e-02	-1.146874538999999915e+00	1.043126975000000067e+00	8.212747197000000443e-02	1.638499042999999933e+00	5.568266798000000017e-01	-3.201197834999999770e-01	2.644267035000000265e-01
3.279692987999999754e-01	5.589409585000000291e-01	-2.963984271999999809e-01	-7.085654468999999511e-02	-3.301709529999999893e-01	-2.882697701999999973e-01	-1.114017182999999939e-01	2.511781260000000016e-01	-4.483382745000000225e-01	2.128754164000000101e-02	5.385015023000000456e-01	7.365675588000000218e-01	-5.113142217999999684e-01	6.799093411000000087e-01	-9.398783889999999808e-01	6.143332061999999816e-01	-1.002127648000000093e+00	-1.041942539999999973e+00	-5.278339243999999875e-01	2.783702599000000277e-01	-6.917160789999999837e-01	7.734604293000000297e-01	-4.604573719999999759e-01	3.921073226999999967e-02	2.832174210999999775e-01	9.476119531000000151e-01	1.670365671999999968e+00
3.076407494999999770e-01	5.897839095000000365e-01	1.326816040000000085e-01	-3.798740619000000041e-01	-4.122811601999999964e-01	-2.618466553000000085e-01	-3.443372800999999934e-03	3.418943224999999864e-02	-1.116221520999999967e-01	3.974940982999999872e-01	-5.128882894999999831e-01	-1.926538912000000103e-01	-1.035654129999999951e+00	3.933881225000000065e-02	-1.472698255999999928e+00	5.637156134999999901e-01	-6.267083261000000460e-01	-1.142138445000000058e+00	6.908994407999999310e-02	8.740539430000000554e-01	1.545384170000000112e-01	-6.274791646999999806e-01	-1.880067488999999925e-01	2.850654316999999896e-02	-7.412252973999999828e-01	-1.337101297000000022e+00	9.818288278000000258e-01
1.580349104999999865e-01	5.413032979999999883e-01	-4.800909628999999734e-01	-1.125199617999999901e+00	-6.374176427000000089e-01	-5.549457611000000457e-01	-2.963594717999999961e-01	-3.153371336999999941e-01	-1.979266933999999922e-01	4.482124342000000095e-01	-1.274778744000000019e+00	-7.707856864000000030e-01	-1.076841573000000052e+00	-1.399365646999999879e-01	-1.321148502000000002e+00	9.757522123999999852e-01	-9.359601252000000482e-01	-1.639118601000000064e+00	-5.868637705000000482e-01	-6.246837163999999776e-01	7.917232352999999945e-01	-2.324941121000000110e-01	1.992972981999999865e-02	9.753225885999999845e-01	-4.759538482999999820e-01	1.734289928999999952e-01	1.032198940000000009e+00
1.274221547999999926e-01	4.209320012000000166e-01	-2.285070586999999875e-01	-2.144824890000000206e+00	-5.785720711999999821e-01	-8.201170495999999810e-01	-4.432606432999999790e-01	-6.082848586000000335e-01	-3.934118871999999767e-01	4.922724949999999766e-01	-1.374335757000000102e+00	-1.619328896000000073e+00	-9.037457020000000396e-01	2.403885056000000173e-02	-1.170035353000000056e+00	9.845733509999999855e-01	-1.971956811999999948e+00	-5.868690251000000524e-01	-1.180257200000000006e+00	1.041991990000000090e+00	7.461860865999999648e-01	-4.790666954999999727e-01	-3.605874098999999888e-01	-4.730847843999999927e-03	6.582534911000000044e-02	3.343166430999999772e-01	3.504349204000000162e-01
7.473615077999999634e-02	4.480620141000000167e-01	-3.126627572999999827e-01	-1.768872835000000032e+00	-1.453418462999999938e-01	-7.316431224999999650e-01	-5.231141407999999604e-01	-1.157444244999999983e-01	-4.594338146999999983e-01	3.449044089000000146e-01	-1.133326381000000049e+00	-1.314939778000000059e+00	-7.677848851999999891e-01	2.252737381000000094e-02	-7.109891770999999805e-01	6.626301515000000419e-01	-1.410706132999999918e+00	-1.392493166999999865e-01	7.955786709000000068e-01	-7.456925732000000417e-01	9.066164884999999840e-01	2.191263130999999975e-01	1.179581962999999983e-01	-7.741105068000000422e-01	4.189378783000000106e-01	-1.472443222000000107e+00	7.524050648000000230e-01
3.874415169999999992e-02	4.848748298000000179e-01	-2.540246416999999979e-01	-1.510424806000000064e+00	4.148107504000000251e-02	-6.217396459999999792e-01	-3.929667888999999747e-01	3.046206265999999996e-01	-6.301056226000000260e-01	5.675037451000000122e-01	-3.184019354000000024e-01	-7.136280141999999937e-01	-6.593292609999999998e-01	-1.466599776999999993e-01	-3.133562889000000018e-01	-1.598502930000000044e-01	-1.102486293999999978e+00	7.436929193000000327e-01	-4.528703507999999878e-01	-8.797156296000000486e-01	-9.611127971999999797e-02	2.852433496999999818e-01	-5.812260403000000242e-01	-2.768140484000000123e-01	-8.695423871999999887e-01	6.517638499000000252e-01	1.270284793999999939e+00
6.299581685999999792e-02	5.373239927999999832e-01	-3.633925711000000058e-01	-8.138056171999999977e-01	4.463088447999999930e-01	-2.049817244000000094e-01	-3.011788926000000255e-01	9.747735900999999759e-01	-5.338664721000000446e-01	6.428265603999999689e-01	9.608766549999999684e-01	-5.477125092000000306e-01	-4.896475940000000193e-01	-5.398003686999999773e-02	4.855113588000000147e-01	-9.416772701999999440e-02	-6.992368280999999852e-01	8.617533047000000002e-01	7.724899670999999524e-01	2.746493422999999878e-01	-7.368378322999999952e-01	2.417761488999999875e-01	2.888536930999999891e-03	-1.864133688999999983e+00	2.282874370000000097e-02	1.709139557999999892e-01	1.655858897000000107e+00
1.714527452999999868e-01	6.862824296999999740e-01	1.550493427999999896e-01	2.961354178000000226e-01	8.231639952000000537e-01	1.739020135000000078e-01	2.002335111999999917e-01	9.266975573000000299e-01	-3.124451073999999773e-01	6.310797123000000397e-01	1.596090862999999915e+00	-1.541461668999999923e-01	2.554097311999999897e-01	-2.077088539999999983e-01	-1.905949503000000100e-01	-8.277710340999999694e-01	3.131974251999999903e-01	-2.903858180000000108e-02	5.659726936000000208e-01	-6.774501958999999962e-01	-2.798259974999999788e-01	-5.708137139000000193e-01	1.258109863000000050e+00	-1.674351679999999953e-01	7.400995315999999713e-01	8.975564391000000475e-01	1.456042139000000013e+00
1.598770529000000107e-01	7.305172613999999509e-01	2.205935048999999870e-01	1.336629961000000089e+00	7.085904387000000471e-01	1.442293941999999995e-01	1.782521940000000027e-01	7.689866978999999603e-01	-5.439550257999999916e-01	9.508700383999999506e-01	1.304279739999999910e+00	7.532078434000000211e-01	8.937081633000000247e-01	5.509281026000000248e-01	-4.704714681000000120e-01	-4.981526824999999992e-01	6.864192870999999974e-01	5.397748512000000165e-01	-9.902953932000000403e-01	4.920413310000000262e-01	2.567084816999999908e-01	-2.321061986000000077e-01	6.939465516999999695e-01	-5.320457641000000404e-01	-1.915865573999999960e-01	-6.580193187999999749e-01	6.856070580999999997e-01
1.005214692000000049e-01	5.840663279000000152e-01	2.590949947000000253e-01	7.333397959999999882e-01	3.410879698000000154e-02	-1.448563630999999963e-01	1.255851168999999878e-01	2.395771718000000092e-02	-8.751655005999999792e-01	1.115347276000000054e+00	-1.977190766999999960e-01	1.675889271999999874e-01	3.655888158000000221e-01	-2.191581116000000107e-01	-1.467011950999999925e+00	5.804439760999999809e-01	-4.407239937999999912e-01	6.701064011000000542e-02	-1.153673303000000061e-04	-3.088392829999999853e-02	4.616645718999999870e-01	-3.155741165000000015e-01	1.315220134000000041e+00	1.553919840000000052e+00	-6.794962229000000020e-01	-1.751189407000000031e+00	6.025685858999999533e-01
-1.160298589000000047e-01	5.552169781000000359e-01	-1.172089329000000069e-01	-9.922313272999999656e-01	-4.449047747000000053e-01	-4.015430515000000256e-01	-1.823314655999999923e-01	-7.275203667999999846e-01	-1.243155752000000058e+00	1.182237935000000073e+00	-1.210498030999999974e+00	-6.928496734000000323e-01	-5.072174680000000047e-01	-9.543062210999999628e-01	-1.139880642000000055e+00	5.278097704999999973e-01	-5.906159401999999670e-01	1.212192846000000046e-01	-9.633391751000000003e-01	-6.560414623999999417e-02	9.290089136000000414e-01	-2.015613408999999967e-01	7.254038273999999786e-01	1.763204280999999929e+00	-2.783737499999999754e-01	2.986880864999999843e-02	-2.100974562000000045e-01
-1.145682615000000043e-01	4.770181305999999788e-01	-8.623285531999999587e-02	-1.612278544000000036e+00	-1.436187513000000138e-01	-6.682140680999999471e-01	-3.359338081000000087e-01	-7.186886916000000125e-02	-1.007281824999999964e+00	1.456551034999999938e+00	-1.416998742000000089e+00	-4.529465846999999878e-01	-4.603530484999999728e-01	-1.100990461000000087e+00	-3.173683163000000085e-01	1.487302027000000082e-01	-1.482114455999999914e+00	7.106300194000000348e-01	-1.165149556999999891e+00	2.642791506000000123e-01	1.511095993999999887e-01	-3.075280894999999903e-01	-8.745933875000000413e-02	3.001188658000000231e-01	-1.154349873999999998e+00	-1.243463933999999993e+00	-8.766680107000000000e-01
-1.682198793999999942e-01	4.258832079000000048e-01	-3.138306027000000165e-01	-1.563137028000000095e+00	-1.557815421000000033e-01	-3.151047741999999929e-01	-4.257119830000000160e-01	3.956714237999999773e-01	-6.177505655999999679e-01	1.247478869999999906e+00	-8.477104117999999522e-01	-2.830641385000000065e-01	-7.799007420000000357e-01	-1.474918855999999945e+00	-4.456840967999999847e-01	-6.072619538000000317e-01	-1.720758672999999961e+00	7.868195400999999922e-01	1.191811184000000079e+00	-5.422833115999999842e-01	-4.771875074999999966e-01	-6.589462650999999838e-01	1.043965852999999999e+00	9.981118837999999882e-03	-2.051550427999999926e-01	5.425246764000000166e-01	-5.324768881000000453e-01
-1.097898409999999991e-01	3.951111754000000142e-01	1.893628960999999911e-03	-1.336201264000000055e+00	-2.602011513999999970e-01	-2.796498479999999787e-01	-4.155891630999999919e-01	1.034251843000000060e+00	-6.539276698000000554e-01	1.397548314000000014e+00	1.873210006000000094e-01	2.998217194999999724e-01	-6.786253931000000295e-01	-3.609615594999999733e-01	8.062919120000000550e-01	-7.278663241999999700e-01	-1.284910871999999982e+00	6.550440025000000555e-01	-3.408507323000000144e-01	-2.215372042000000041e-01	-8.016334768999999749e-01	-1.210088072000000015e+00	7.849209639999999988e-01	-6.059911065999999957e-01	3.648616460999999922e-01	1.097250594999999995e+00	-1.261343971999999924e+00
-5.478749841999999703e-02	4.513920263999999793e-01	-2.116731853999999913e-01	-6.012926486999999875e-01	-4.789243761999999877e-02	-4.534005300999999766e-01	-2.391872630999999916e-01	1.165732184999999976e+00	-5.848296698999999599e-01	1.124652398999999914e+00	1.244252431999999908e+00	9.615716820999999914e-01	-3.030915391999999819e-01	-3.383898812000000200e-01	5.865276836999999688e-01	-1.126581598000000017e+00	-1.444825087999999924e-01	-1.512729781000000107e-01	2.111116506000000115e+00	1.384208681999999913e-01	-5.783590554999999966e-01	9.891357870000000441e-01	9.951299703000000552e-01	-1.109055957999999897e+00	5.341832413999999529e-01	-3.611480642000000074e-01	-6.958505502999999814e-01
9.786965057999999495e-02	6.379614840999999759e-01	1.212736222999999947e-01	1.000699832000000011e+00	1.003565906000000035e-02	-3.287793567999999778e-01	1.863068324999999914e-01	1.231402619000000032e+00	-6.617838359000000059e-01	9.806017350000000299e-01	1.308429250000000099e+00	1.726129580999999913e+00	7.592756687999999698e-01	3.644674564000000005e-01	1.537035979999999968e-01	-7.369855512999999858e-01	8.236398861000000515e-01	-2.180162191999999999e-01	5.489487214999999587e-01	-6.757521694000000467e-01	-1.749415712999999872e-01	1.692080143999999953e+00	-1.936258814999999855e-02	-2.891781883000000275e-01	-4.209288244000000123e-01	9.319751285999999801e-01	7.374616472999999672e-01
4.661237096000000329e-02	8.380715812000000264e-01	3.268333777999999912e-01	1.235822181000000075e+00	-5.527764363999999597e-01	3.695502880999999851e-02	2.128631813999999969e-02	1.027778270999999966e-01	-3.887558084000000136e-01	1.114698077999999981e+00	8.666449579999999653e-01	1.039043088999999975e+00	6.354573363000000086e-01	2.444653243999999892e-01	-9.397628595000000473e-01	7.504085951000000199e-01	8.681316408999999457e-01	5.886874155000000330e-01	3.044705683999999746e-01	1.803458382000000082e+00	1.705482955000000023e-01	5.425286370999999885e-01	1.063999671000000063e-01	-8.282877121999999703e-01	-3.554342770000000207e-01	-7.505012840000000462e-01	1.197739370000000081e+00
1.794759561999999947e-02	8.644150269999999470e-01	3.396678879000000206e-01	3.732230527000000020e-01	-5.373930827999999771e-01	-1.498387530999999995e-01	2.514374978999999732e-01	2.312829308999999889e-01	-1.094948031999999974e-02	1.078389602999999974e+00	8.786984003999999404e-02	1.136907665999999963e-02	4.080463107999999783e-01	1.945296782000000002e-01	-8.663949586000000425e-01	5.482971089000000520e-01	5.962126079999999773e-01	-9.513782336999999645e-01	4.810663720000000199e-01	-1.770090364999999943e-01	1.157130731000000079e+00	-3.415038059000000126e-01	-3.235711843999999893e-01	1.641721653999999919e+00	-5.686717550000000010e-01	2.863197533999999878e-01	7.335918317999999827e-01
-2.602518139999999980e-02	6.778041728999999460e-01	-1.335477207999999916e-01	-8.088741482999999358e-03	-7.411126493999999898e-01	-5.662764745999999683e-01	-2.027227980999999901e-01	2.168595044999999943e-01	9.355073342000000403e-02	9.437308320999999722e-01	-4.434466847999999906e-01	4.162087254999999875e-01	2.725451590999999896e-01	-3.569191094999999980e-01	-1.003400708000000030e+00	6.314440256000000140e-01	-1.433932932000000049e+00	-4.529031283000000130e-01	6.180305992000000026e-02	1.239416053000000018e+00	2.460778748999999932e-01	-5.438557725999999537e-01	7.927041720999999930e-01	-1.108399312999999997e-01	-3.354491184999999764e-01	1.373790759000000028e+00	-3.349783110999999813e-01
-1.242944711999999924e-02	5.273110352000000001e-01	-3.627770413999999860e-02	-8.852453536000000067e-01	-3.785651888000000076e-01	-5.425443497999999920e-01	-3.376145220999999808e-01	3.410207156000000239e-01	1.120095576000000072e-02	1.242997442999999924e+00	-6.125540022000000029e-01	2.030320865999999946e-01	-1.025331176999999955e-01	-2.086931559000000103e-01	-5.547603478999999504e-01	2.557909691999999957e-01	-1.443719932999999900e+00	-8.645119946000000555e-01	2.123378200999999910e-01	4.812640693999999941e-01	8.021388741999999628e-01	-8.345732188000000162e-01	-6.279047862999999341e-02	7.932831872000000173e-01	-7.216732136000000297e-01	-2.334905781000000125e-01	-9.987734951000000194e-01
-4.937382716000000143e-02	5.147379077000000525e-01	-3.031949459000000124e-01	-6.394944575000000020e-01	3.488149482999999829e-01	-6.507265201999999915e-01	-3.130274255000000116e-01	3.326953708000000010e-01	-6.042131901000000194e-02	1.278223952999999913e+00	-2.718253917999999825e-01	-3.934252473000000028e-01	-1.201265759000000044e-01	-1.792293680000000070e-02	-5.355508770000000363e-01	4.160279006000000002e-01	-1.390093870999999925e+00	-9.944568657999999783e-02	-7.794838513000000579e-02	-2.401722939000000001e-01	6.977559742000000176e-01	-7.158101814999999757e-01	1.058767516000000075e+00	-1.422551609000000106e+00	1.372592559999999962e+00	6.374051535000000435e-01	-3.076323489000000189e-01
2.186068310000000015e-02	5.464001331000000183e-01	-4.906176230999999971e-02	-6.330410998000000067e-01	5.069921347000000411e-01	-4.497690210999999993e-01	-3.283763881000000273e-01	4.809416592999999907e-01	2.389096548000000167e-02	1.430245997000000102e+00	3.106402054999999884e-01	-1.341834480999999912e-01	9.915132978000000541e-02	-2.083346500999999906e-01	-3.086679588999999835e-01	2.977538554000000101e-02	-1.086509511000000039e+00	5.787588382999999670e-01	5.056145324999999913e-01	3.000767402000000250e-01	3.494032724999999728e-01	-9.330589125999999567e-01	3.301639748999999902e-01	7.140081861999999502e-01	-7.472302265000000387e-01	5.747964750999999817e-01	-7.641366421999999936e-01
-3.635067395000000229e-02	6.060043437000000033e-01	-2.300754901000000019e-01	-1.644803505999999915e-01	7.287745321999999915e-01	-3.102112528999999980e-02	-2.427699016999999848e-02	8.286382874000000065e-01	-1.924526454000000109e-01	1.660991168000000018e+00	9.093333450999999679e-01	-3.388341664000000253e-01	-1.609477586999999987e-01	-2.737132109000000035e-01	5.812419223000000329e-02	-1.140401114999999993e-01	3.558880910000000036e-02	-4.040088592000000145e-01	-1.628943595000000022e-01	-9.474896351999999577e-01	3.504110752999999856e-01	-3.814870948999999900e-01	1.149943366000000022e+00	-9.322765150999999806e-01	1.563901994999999934e+00	3.119196961999999851e-01	-4.995811522000000171e-02
5.261352449000000070e-02	6.587369655000000490e-01	2.952566483999999880e-01	2.383149723000000109e-01	5.443777840000000312e-01	3.939810186000000103e-01	7.727356578999999837e-02	4.209763625999999870e-01	-1.456970731999999991e-01	1.367605208999999933e+00	1.098989940999999915e+00	-4.814354909999999932e-01	6.525446812999999846e-01	-5.834476539999999822e-01	-6.387441027000000382e-01	-1.215465884000000024e-01	1.078152482999999995e+00	1.742606056000000070e+00	7.861766674000000288e-01	1.990095950000000113e-01	1.659727545999999943e-01	-5.078762954000000107e-01	1.168765285000000098e+00	1.170932358000000006e-01	1.208739572999999901e+00	1.005490540000000044e+00	-1.792612339999999915e-01
1.012499523999999956e-01	6.618291761000000273e-01	2.004157786000000108e-01	8.357051536999999808e-01	9.293549094999999927e-01	5.284623403999999525e-01	4.193755774999999852e-01	6.129384883999999811e-01	-1.448324702999999880e-01	1.701985042000000004e+00	1.134325494000000045e+00	1.898418933000000086e-01	9.334896771999999787e-01	-8.556167775999999892e-01	-3.671799309000000067e-01	1.635313103999999906e-01	1.607305203999999987e+00	5.519494847000000481e-01	-2.370401461999999959e-01	7.452924973999999758e-02	5.226130707000000049e-03	-1.199484026999999980e-01	3.291538333999999844e-01	3.538559289999999857e-02	-1.099427312999999989e-01	-2.335693627000000050e-01	7.219844285000000250e-02
8.475641133000000327e-02	7.758785469000000212e-01	4.444099698000000265e-01	7.871574835000000325e-01	6.895313103000000332e-01	5.136137500999999883e-01	4.659751701000000024e-01	2.930626850999999977e-01	5.188955959000000201e-02	1.018204075999999958e+00	6.287242673999999809e-01	-5.586839582999999498e-01	6.663967619999999759e-01	-1.125631016000000040e+00	-1.211890421000000106e+00	3.405194195999999840e-01	1.395716890000000099e+00	1.170549607000000103e+00	6.187449365999999618e-01	1.130794224999999986e-01	-4.891344622000000086e-01	4.803213995000000236e-01	1.182197514000000060e+00	1.045170085999999943e+00	6.487767105999999728e-01	5.876154295000000083e-01	6.654054423999999912e-01
7.192629753000000237e-02	7.980386283999999497e-01	1.252500054000000029e-01	7.984336533000000458e-01	9.484892721000000027e-01	3.234368532999999934e-01	3.384458744000000130e-01	7.593432710999999946e-01	2.997074780999999799e-01	1.035733827000000051e+00	7.370721135000000146e-01	-4.947718881000000013e-01	3.711266944000000123e-01	-1.475477326000000033e+00	-6.119867988999999620e-01	3.371818717999999770e-01	1.504455252000000076e+00	2.091567937000000099e-01	4.846373708999999752e-01	1.134680633999999966e+00	-8.907024094000000058e-01	1.324388988999999905e-01	6.631169761999999857e-01	1.180294922999999940e+00	-3.580976284999999870e-01	1.634239416000000111e-01	6.018859962000000507e-01
2.387830456000000073e-02	7.213415965999999679e-01	4.699389218000000340e-02	4.075055618999999796e-01	5.706523900999999760e-02	2.154281829999999953e-01	2.745433948000000068e-01	8.344414324000000160e-01	6.679229588000000495e-02	9.112429861999999936e-01	-4.919238670000000146e-01	-2.337148113999999999e-01	-5.589258784999999730e-01	-1.767601846999999893e+00	-7.414596248999999473e-01	9.448799518999999592e-01	1.003058119000000081e+00	-7.738945074999999951e-01	4.695673215000000233e-01	-6.288697336999999887e-01	-9.781868945999999676e-01	4.111529534999999735e-02	1.587203361000000035e+00	1.778194939000000030e+00	-2.772071834000000012e-01	-3.681288428000000224e-01	5.498053370000000051e-01
1.529621119999999973e-02	5.985003769000000196e-01	-1.495974706000000043e-01	-8.275764920000000524e-01	-5.308916783999999556e-01	-2.619940265999999851e-01	1.924303743999999927e-01	2.546828071000000193e-01	1.312283758999999994e-01	5.971365456999999655e-01	-7.169817767999999703e-01	2.009107293000000072e-01	-5.387493872999999933e-01	-1.489635148999999936e+00	-7.004434892999999995e-01	2.826020309999999758e-01	9.206590905999999519e-01	-9.391415225000000477e-01	5.594945524000000114e-02	1.261919165999999981e+00	-1.410951483999999923e+00	-2.289429946000000066e-03	1.174953710999999901e+00	5.860552063999999728e-01	1.213695788999999969e+00	1.536006787999999901e+00	7.172907088000000098e-01
1.751856808999999876e-02	6.420169400999999887e-01	-3.519629776000000182e-02	-6.527746457999999974e-01	-8.176285971000000208e-01	-1.263854903999999946e-01	1.620688335000000091e-01	5.005355657000000180e-01	2.268229987000000003e-01	8.359637353000000104e-01	-8.419064858000000484e-01	1.969657914000000065e-01	-2.287080095000000035e-01	-9.932237723000000296e-01	-5.370879562999999468e-01	1.208087812000000039e+00	8.937736144000000271e-01	-1.454367031000000088e+00	6.682528220000000241e-01	1.029379853000000067e-01	-4.570072340999999927e-01	1.724347006999999987e-01	9.465469322999999768e-01	5.652370279999999747e-01	-4.372972763999999901e-01	-1.432060941000000032e+00	1.050422876000000061e+00
-4.711687786000000322e-02	5.804445286999999620e-01	-9.154788593000000307e-02	-1.309886265999999910e+00	-1.103430268000000103e+00	-4.423352259000000175e-01	-2.666968087000000098e-01	-1.529695846999999942e-01	-3.651880637000000096e-01	8.905387420000000498e-01	-1.325523124999999913e+00	-4.679340930999999898e-02	-6.612663228999999809e-01	-1.289094608999999947e+00	-2.984758432999999878e-01	1.205495436000000087e+00	1.213880175000000075e-02	-7.405736782999999823e-02	1.307472074000000095e-01	3.930828789999999962e-01	-1.602573469999999875e-02	-1.278868264999999949e-01	4.480353329000000273e-01	3.526414979999999977e-01	5.610549512000000127e-02	9.474912299000000093e-01	1.193815799000000066e-01
4.746072040000000325e-02	6.582317581000000084e-01	1.106395247999999998e-01	-9.940648504000000329e-01	-2.213009361999999924e-01	-3.659753747999999751e-01	-8.202995312999999955e-02	5.945457307999999497e-01	-1.644069377000000054e-01	1.235713057999999975e+00	-7.408478018999999914e-01	-6.403403372000000537e-01	2.002265165000000069e-01	-5.696116672000000047e-01	2.481201209999999990e-01	7.006109262999999920e-01	4.731027844999999843e-01	-5.356134754000000386e-01	9.267166861000000200e-01	1.854970931000000101e-01	4.502262549000000114e-01	1.310789166999999922e-01	-4.619253637999999884e-01	2.023626578999999925e-01	-4.531873571999999739e-01	-6.967304705000000320e-01	3.855761443999999871e-02
2.864931381000000027e-02	5.530719978999999453e-01	-5.523185640000000118e-02	-5.284282748999999946e-01	-3.530638870000000207e-01	-5.290623434000000236e-01	-3.127162527999999969e-02	3.291539267999999963e-01	-3.248777851999999911e-01	1.080431181000000018e+00	-6.881003007999999532e-01	-1.549218862999999891e+00	1.210182463000000069e-01	-8.660751327000000277e-01	1.078240988000000039e-01	7.327441139000000492e-01	4.907601440000000093e-01	-2.643553451000000276e-01	8.030593164999999534e-01	-2.321335320000000035e-01	4.790581951999999810e-01	9.325152824000000340e-01	2.203342177000000013e-01	-2.148656540999999975e-01	3.972658774000000226e-01	1.177405409999999986e+00	-6.919105247000000014e-02
5.981443790999999705e-02	5.902328372999999795e-01	2.037143284000000054e-01	-6.068376130999999507e-01	2.218145059999999946e-01	-3.067477724000000072e-01	1.033929777999999938e-01	7.856298218999999694e-01	4.758744899000000306e-02	1.238250630000000019e+00	1.877320684000000073e-01	-8.908023869000000206e-01	1.081548568999999960e+00	-3.702798776999999819e-01	2.243760733999999868e-01	-1.557134799999999875e-01	1.132644326999999951e+00	-1.772482931000000095e-01	1.237444500999999919e+00	8.185202821999999490e-01	5.412830238000000405e-01	6.720114283000000466e-01	-1.414209905000000100e+00	2.379233685999999903e-01	-9.528839185999999906e-01	9.361564238999999787e-01	-6.690208121999999813e-01
9.366811912000000406e-02	7.536615387999999749e-01	-1.351639910000000111e-01	6.067161655999999681e-01	4.925562443000000012e-01	-4.905557865999999878e-01	8.039680178999999982e-02	5.575874357000000225e-01	1.242424431000000024e-01	1.281393897999999920e+00	3.599823302999999863e-01	-5.334392951999999966e-01	8.235732490999999600e-01	3.452589047999999883e-01	1.972822566000000111e-01	3.560506653000000132e-01	2.232475200000000048e-01	-7.516473566999999634e-02	5.063863521999999451e-01	-3.704902563999999954e-01	9.472374308000000021e-01	6.301317744000000109e-01	-3.434776552999999760e-02	-9.929081293000000530e-01	2.218087925999999932e+00	1.309659297999999916e+00	3.104582532999999867e-01
2.100474220999999919e-01	8.312601630000000519e-01	4.199058599000000253e-02	5.583464747999999922e-01	6.452485774999999757e-01	-4.987185377000000197e-01	5.419764299999999674e-02	4.783691855000000159e-01	9.518265237999999906e-01	6.026566075000000522e-01	6.758144744999999842e-01	-1.231480654999999973e-02	8.039355123000000436e-01	6.064741629000000023e-01	-5.689575500000000341e-01	4.400999185999999730e-01	-4.723802469999999754e-01	1.723895591000000005e+00	1.637040476999999994e+00	1.588202045000000062e+00	5.594929198000000437e-01	1.319895451999999914e+00	-5.569526563000000152e-01	8.596956055000000152e-01	-3.101952928000000220e-01	1.643460005999999973e+00	-1.109804274000000035e+00
1.976254416000000069e-01	8.442068068000000425e-01	-8.881319598999999620e-02	1.732434537000000052e+00	9.592450608999999462e-01	-6.367584753999999680e-01	3.223257599000000084e-01	1.164925647000000009e+00	9.325178361999999499e-01	4.186999362000000113e-01	1.055070656999999912e+00	6.938467691999999909e-01	3.854027313000000232e-01	9.010222811000000442e-01	4.530184209999999628e-03	1.547036146999999917e-01	6.638056465999999656e-01	-1.242444740000000047e+00	6.831324925999999742e-01	-2.128208628999999907e-01	-1.098279969999999967e-01	1.876870728000000099e+00	-9.023812024999999792e-01	-2.421303588000000076e-02	8.221249024000000238e-01	1.193642429999999983e-02	-1.352838037000000104e-01
1.911045835000000151e-02	9.213209357999999627e-01	1.985089157000000104e-01	8.266951384999999819e-01	-5.983396784000000190e-01	-1.624316708999999914e-01	1.757074218999999937e-01	1.014027956000000064e+00	8.094210587000000290e-01	4.749613205000000060e-01	-3.045812566000000166e-02	-5.167234705000000039e-01	-1.467591816000000104e-01	3.568977265000000121e-01	-4.029229111000000030e-01	3.021196836999999746e-01	5.138188224999999942e-01	-6.957046129999999717e-01	1.219644841000000035e+00	7.389906656000000407e-02	-4.908133614999999894e-01	1.649979873999999902e-01	-5.196552636000000280e-01	8.930532047000000473e-01	3.132922666999999883e-01	-1.701206237000000066e+00	9.966640972000000431e-01
-1.028685238000000002e-01	7.237976258999999635e-01	-1.140617409999999943e-02	-1.610877374999999945e-01	-8.058520322000000125e-01	-5.475452857000000506e-01	-1.359923539000000049e-02	6.180042931000000461e-01	9.023765400000000048e-01	2.777744934999999971e-01	-2.324361419000000109e-02	-3.462528475000000161e-01	-6.799102843000000007e-01	-1.468175446999999967e-01	-6.412295877999999449e-01	-8.008208609000000422e-01	8.640629400999999543e-01	-1.598272413000000058e-01	1.076504035999999997e-01	-3.419721380999999893e-01	-3.218617995999999981e-01	7.458512470999999477e-01	1.268223133999999974e-01	-2.656304027999999984e-01	9.012072754000000074e-01	9.955661866999999665e-01	4.572126556000000175e-01
1.421417226000000087e-03	8.524609902999999989e-01	2.581776445999999781e-01	2.024749321000000046e-01	-1.126534965999999915e+00	1.312140501999999875e-01	1.398046293999999912e-01	6.302084507999999863e-01	1.031727006999999974e+00	8.477368374000000539e-01	1.415565762999999866e-01	2.677313674999999837e-01	5.768546243000000073e-01	3.410599543000000233e-01	-9.243474821999999591e-01	2.983692534999999868e-01	1.189757012999999919e+00	3.502842708000000194e-01	5.693651409000000108e-01	1.611906743000000031e+00	1.564863844000000115e-01	-3.177523829000000188e-01	4.271126614000000238e-02	-2.312726806000000024e-01	-2.397696025999999925e-01	-9.865510444999999740e-01	8.394252708999999646e-01
-8.120264724999999573e-02	8.051218543000000505e-01	-1.360788431999999937e-01	-6.316887244000000123e-01	-1.264795995000000062e+00	-6.101830301999999762e-01	-5.067393339000000191e-02	2.363940385999999949e-01	6.593218130000000343e-01	4.979934460000000063e-01	-4.992674999000000224e-01	-1.301543682999999896e-01	-4.128530313000000063e-01	-3.888702533999999766e-01	-3.129591938999999878e-01	1.168163180000000079e+00	2.030242560999999946e-01	-8.620072654999999529e-01	3.930748509999999751e-02	-1.619445569000000029e+00	8.721905653000000536e-02	2.138676307000000054e-01	-3.261690898999999866e-01	1.535072686999999991e+00	6.315361254000000368e-01	-6.217360539999999824e-01	2.990608672000000245e-01
4.256404520999999830e-02	7.642239583000000058e-01	1.221885696999999993e-01	-6.622897952999999838e-01	-7.825824987999999705e-01	-1.576365865999999893e-01	3.434537757000000191e-02	7.310005270999999638e-01	6.050168416000000216e-01	8.288020327999999770e-01	-6.640331583999999898e-01	-2.684804986000000060e-01	7.172008612999999921e-02	4.183333786999999804e-01	-3.142427904000000272e-01	8.504968081999999541e-01	3.035852600000000234e-01	2.174363699999999899e-01	-2.982139475999999734e-01	1.035738379999999959e+00	9.119627486000000394e-01	2.196406002000000079e-01	-6.076631552000000269e-01	2.510523500999999880e-01	-7.054087139000000395e-01	1.967831394000000067e+00	-4.496993416000000243e-01
-1.394966985999999964e-01	7.243992076999999918e-01	-1.524127187000000050e-01	-6.242682120000000445e-01	-4.296061036000000111e-01	-9.585302497000000033e-01	3.344949644999999777e-02	-2.632885134999999877e-01	4.819916247000000098e-01	4.592994315000000216e-01	-8.130063034000000188e-01	-1.252611893000000087e+00	-7.019569192000000291e-01	-1.327238198000000091e+00	-4.971506287999999940e-01	8.109216903000000531e-01	3.593393210999999698e-02	-2.382299516999999978e-01	-6.200425295000000503e-01	-4.495923339999999963e-02	9.112911834000000377e-01	8.425014708000000407e-01	4.280473482000000246e-02	-8.009670428999999814e-01	1.281266194000000080e+00	-1.853958524000000052e-01	-1.422001416999999934e+00
2.014476810000000173e-02	7.057907192000000274e-01	2.898885568999999829e-01	-1.008827574999999976e+00	1.535192968000000102e-01	1.673659178000000067e-02	2.173196686999999926e-04	1.114766605000000022e+00	5.732675114999999932e-01	8.207356710000000000e-01	-4.795693381999999727e-01	9.201749912999999947e-02	8.946698033000000105e-01	9.990109083999999529e-01	-3.746468683999999993e-01	-1.646007969000000126e-01	8.520432354000000430e-01	1.803117676000000058e+00	9.260051003999999475e-01	8.559510555999999548e-01	1.213338870999999930e+00	-3.379147078999999998e-01	-4.548115130000000145e-02	1.365290419999999894e-01	-1.077055137000000051e-01	1.283477938000000096e+00	-1.731626788000000028e+00
-1.229599393000000013e-01	5.303060187999999453e-01	-9.083821792999999811e-01	1.168642136999999970e+00	1.190473200000000009e+00	-2.661949987999999934e+00	3.907233715000000274e-01	-3.144780004000000129e-01	1.219158450999999976e+00	-1.993570845000000036e-01	8.072740518000000032e-01	5.845088102999999868e-02	2.839638536000000171e-02	-1.889725142999999941e+00	5.362270385999999833e-01	-1.492100570000000070e-01	-1.269284535999999908e-01	-4.892575753000000249e-01	-4.409200726999999986e-01	-1.770895034000000035e+00	4.510094221000000014e-01	2.754619068999999865e+00	-6.748092610999999463e-01	-6.534285997000000012e-01	9.769571876000000543e-01	2.276256674999999896e-01	-1.623991940000000023e+00
9.728488522000000582e-02	-3.929302603000000005e+00	1.371402666000000048e+00	1.992648117999999968e+00	2.717019813999999922e+00	-6.181181814000000330e+00	-1.181419390999999930e+00	-9.019601532000000033e-01	4.361159311000000205e-01	-3.518902606000000155e+00	6.669978113000000208e-01	1.243023017000000063e+00	-1.076242802000000109e+00	-4.055506718000000177e+00	6.058364992000000449e-01	1.834707534999999945e+00	1.601128470999999998e+00	3.719610299999999814e+00	-1.186410729999999969e+00	-6.078113802000000288e-01	-3.797982898000000218e-01	-6.467131402999999779e+00	-2.470580235999999985e+00	-1.605346270999999936e+00	-1.690776121999999937e+00	3.412675014000000062e-01	-9.356569519999999307e-02
-4.376197933000000040e-01	-3.836286979000000041e+00	3.725623270999999792e-01	1.744004144999999895e+00	1.681738393000000054e+00	-1.776139344000000064e-01	1.257750666999999933e-01	3.120301732999999800e+00	-1.085951732000000058e+00	-3.579658082000000130e-01	1.262664653999999997e-01	1.703563941999999942e+00	9.493990547999999752e-01	2.384058523999999846e+00	8.464692944999999691e-01	1.108883628999999926e+00	8.706656833000000484e-01	2.519767993999999955e+00	-4.271887234000000255e-01	8.252311730000000400e-01	1.912387913999999967e+00	-1.761511013000000014e+00	4.743376051000000038e-01	1.507580614000000097e+00	2.518552704000000197e+00	-7.782308380000000358e-01	2.165073018000000182e+00
-9.025786796000000445e-01	-3.135527735000000149e+00	7.152897325999999500e-01	1.169972162000000093e+00	-2.140758409999999889e-01	-1.715850564999999994e+00	6.755927311999999907e-02	1.062439505999999978e-01	-9.085107021999999644e-01	-1.465617987999999983e+00	4.890808298000000054e-01	7.460732137000000153e-01	-1.137463279000000105e+00	-2.175103684000000204e+00	5.889074281000000050e-02	-3.665368096000000131e-01	-1.265465679000000065e+00	2.874838012000000109e+00	3.810117129000000213e-01	2.342365007999999804e+00	8.539468121000000078e-01	-1.170135767999999965e+00	-4.478373250000000083e-01	2.816648219000000175e+00	7.520604883999999490e-01	8.666261444999999730e-01	-3.487437270000000034e-01
-1.089651586000000005e+00	-2.989506243000000119e+00	1.048660297999999935e+00	-2.533752107000000198e-01	-1.542220340999999884e-01	-5.092370461999999876e-01	3.764285546999999732e-01	2.167183389999999932e+00	-1.034745827000000062e+00	-9.567791112000000320e-01	7.088008404000000207e-01	2.154970156000000081e+00	5.295578555000000076e-01	3.443326923000000206e-01	1.106891738000000069e+00	-1.786099604999999979e+00	-2.326125067000000060e-02	-2.940405085000000196e-01	-2.986692971000000085e-01	1.527345824999999935e-01	2.239836448000000146e+00	2.327301266000000174e-03	-1.554805992999999997e+00	8.288843196999999829e-01	1.456952226000000072e+00	-7.636984151000000276e-01	-2.440497578999999972e-01
-1.150335375999999910e+00	-2.652064338000000188e+00	1.122400915999999915e+00	1.058532204999999893e+00	-8.368769324000000509e-01	-7.548917833999999605e-01	3.618801447000000171e-01	2.916473089000000130e-01	-8.786414320000000000e-01	-1.477657253000000059e+00	1.605089957999999983e+00	1.956713756000000082e+00	3.770207485000000025e-01	-6.980395943999999631e-01	-3.797638770000000275e-01	-4.858552384000000002e-01	2.065317624999999935e-01	1.221764827000000109e+00	7.212905724999999491e-01	1.614560267000000104e+00	1.767450473000000022e+00	-5.973857230000000351e-01	-8.845138183999999570e-02	-7.959368436000000546e-01	2.184236976000000219e+00	8.844455002000000121e-01	1.006017152999999942e+00
-1.223196517000000094e+00	-2.282359598999999850e+00	1.090657167000000038e+00	9.142140722000000053e-02	-5.929690564999999802e-01	1.246096993999999958e-01	2.112091986999999893e-01	7.678735410999999456e-01	-6.628075866999999510e-01	-8.673085665999999971e-01	1.800187446000000024e+00	1.321181490999999930e+00	1.088932234000000054e+00	7.244011345999999962e-01	4.942679723999999775e-01	8.222216122000000071e-01	-1.154750483999999978e-03	-7.389339749000000124e-01	-5.955815996000000112e-01	6.454960911999999551e-01	2.646495080000000222e+00	-1.108239992999999979e+00	-1.497041354000000046e+00	1.432812674000000008e+00	8.464851367000000293e-01	-1.321104229999999990e+00	1.275061645999999937e+00
-1.273269777000000103e+00	-2.001631677999999859e+00	1.067516960000000070e+00	5.219204618999999656e-01	3.418389463000000295e-02	-3.911035630999999957e-01	1.310980387000000059e-02	-4.801481585000000329e-02	-4.747525041999999806e-01	-1.732320022999999987e+00	1.315628510999999889e+00	1.070804065999999999e+00	1.941232179000000058e-01	-7.924202101999999748e-01	-1.642932649999999939e-01	1.832368541999999989e+00	-6.972194938000000342e-01	5.687918704000000103e-01	1.388996313000000031e-02	7.764565745999999491e-01	2.234946360999999992e+00	-6.689105671000000232e-03	-4.030617819000000268e-01	-1.231113535000000064e-01	2.648785745000000080e+00	2.426387569000000022e-01	1.536738850000000101e+00
-1.253476076999999966e+00	-1.676112645999999984e+00	1.237547111000000033e+00	1.810489396999999945e-01	4.212373039999999791e-01	3.755774139999999706e-02	2.708625476999999837e-02	8.405534961999999721e-01	-3.306851648999999949e-01	-1.853796562999999953e+00	6.061212713000000418e-01	1.219126214999999958e+00	4.821320974000000148e-01	-6.383848502000000202e-01	3.312504180999999992e-01	1.627038737999999984e+00	-6.484720045999999849e-01	-1.809497449999999952e-01	5.914952802999999815e-01	2.658914674000000256e-01	2.093032868999999963e+00	-2.835842185999999931e-01	-1.001670392000000076e+00	1.429475003000000077e+00	4.051822010000000196e-02	-3.952983085999999813e-01	7.605058976999999887e-01
-1.269756652999999957e+00	-1.583021135000000079e+00	1.172796594000000026e+00	4.810058389999999906e-01	8.076183252999999951e-01	-2.246575633000000016e-01	1.894025390999999892e-01	8.298863298999999971e-01	-2.183452214000000113e-01	-1.970693255000000033e+00	7.381751457999999877e-01	1.219382511000000058e+00	-2.323593012000000069e-01	-1.727524767000000017e+00	-5.969942363999999890e-02	6.331658395999999467e-01	-6.043519011000000329e-01	-3.618907196999999742e-01	6.590235092999999766e-01	1.160225413999999899e+00	1.931393860000000018e+00	4.330738438999999773e-01	-4.974621732999999768e-01	-4.402533490000000160e-01	7.959073998000000261e-01	1.924459117999999913e+00	3.945006427000000149e-01
-1.206465915999999972e+00	-1.409307657000000047e+00	1.285529979999999961e+00	6.956267345000000102e-01	9.623329770999999866e-01	3.080589616000000142e-01	2.177416648999999926e-01	1.182322963999999921e+00	-3.648636403000000139e-01	-1.822569023000000010e+00	5.441110314999999531e-01	1.301864775000000085e+00	5.820416152999999954e-02	-1.400176987999999900e+00	-3.894818359000000174e-01	6.037892360000000069e-01	-1.478898875000000113e-01	-1.061128864000000060e+00	1.847630072999999928e+00	1.461405194999999990e+00	1.997786351000000016e+00	-3.894437809000000222e-02	1.854062485999999899e-01	-6.059573594999999591e-01	7.613093639000000357e-01	1.260996389000000051e-01	-1.068255246999999936e-01
-1.283988021999999951e+00	-1.164636494000000022e+00	1.156615300999999985e+00	7.454169355999999969e-01	1.022557742999999908e+00	-8.340948488999999633e-02	2.908723542000000162e-01	6.639255227999999454e-01	-6.690249601000000101e-01	-1.696547279000000019e+00	2.682763465999999930e-01	1.522867092999999894e+00	2.945780331999999779e-01	-1.134685632000000055e+00	-3.409732917000000141e-01	4.551433080999999770e-01	1.171414777000000074e+00	-7.569592607999999778e-01	3.448892920000000140e-01	2.252889304000000037e-01	2.138365278000000202e+00	1.553793545000000109e-01	5.553669789999999828e-01	-2.254873923999999863e-01	-5.207036100000000250e-02	1.022981903000000026e+00	-1.196344641999999903e+00
-1.205351499000000048e+00	-1.074840637000000099e+00	9.287806317000000256e-01	5.501610753000000242e-01	1.399945473000000051e+00	1.033286261000000011e-01	2.228766125999999959e-01	4.085472642999999904e-01	-8.270790538000000192e-01	-1.564183668000000083e+00	1.325442735000000039e-01	1.989569869999999963e+00	8.126484215000000511e-01	-6.577316078999999593e-01	-6.023009309000000311e-01	1.749806466999999977e+00	9.361331148999999519e-01	7.529003759000000295e-01	-1.935233410999999959e-01	1.003493117000000101e+00	1.467841928999999990e+00	3.643804292999999750e-02	3.010249857999999779e-01	-2.345916111000000137e-01	-2.973102986000000225e-01	-4.034504152000000232e-01	-1.638473633999999901e+00
-1.307683018000000086e+00	-6.981412067000000166e-01	9.938690106999999996e-01	3.919286839000000189e-01	1.543538705000000011e+00	-1.361703427000000022e-01	1.838317567999999957e-01	-1.833900401000000124e-01	-4.822506767999999999e-01	-1.422073246000000069e+00	-2.615321507000000212e-01	2.537426894000000210e+00	4.652638619000000197e-01	-1.034123885000000076e+00	-8.492870930999999457e-01	1.459330744999999929e+00	-9.672626759999999879e-02	1.949956609000000007e+00	-2.142371943999999973e-01	-1.533014071999999894e-01	7.655886364999999749e-01	-6.345353026000000174e-01	-3.271274849999999956e-01	1.112200424000000076e+00	5.609197624000000120e-04	5.005590592999999977e-01	-1.450964751999999969e+00
-1.314962795000000018e+00	-7.280688210000000327e-01	1.041465620999999953e+00	3.640519877000000237e-01	1.495436798999999928e+00	-1.300021644000000087e-01	3.243203480999999888e-01	2.194076779999999949e-01	-6.926709947000000422e-01	-1.365105384000000033e+00	1.901654327999999922e-02	1.333387824999999971e+00	3.964762091999999849e-01	-3.464102083000000221e-01	6.684291596999999974e-02	9.290998654000000023e-01	-3.292835748999999868e-01	8.425695985000000165e-01	-8.494113373999999661e-01	6.506870970999999448e-01	6.709303599999999479e-01	6.109076757000000413e-01	8.335664430000000458e-02	4.098001951000000004e-02	1.498421111000000083e+00	-1.767591124000000152e-02	-5.072545674999999754e-01
-1.323180240999999979e+00	-5.560627325000000454e-01	8.907608652999999821e-01	5.276012316000000535e-01	1.424494385999999890e+00	-5.440869766000000496e-01	8.758444082999999880e-02	2.494584120999999988e-01	1.225155948000000022e-01	-1.483128986000000094e+00	6.676692448000000057e-01	6.648091736000000251e-01	2.653050755999999955e-01	6.144958485000000248e-02	4.717545149999999993e-02	1.635361478000000035e-01	-5.985756949999999632e-01	2.545153793999999969e+00	1.465535765000000046e+00	7.240838681000000276e-01	4.833209501999999880e-01	-6.774133281999999978e-01	5.594290414999999461e-01	6.518804109999999652e-02	1.204100508000000014e+00	9.888344660000000230e-01	4.963592545000000134e-01
-1.196202191000000026e+00	-1.123761924999999995e-01	1.058444677000000000e-01	4.086561374000000080e-01	9.813287389999999499e-01	-1.122239596000000006e+00	-2.679314459000000093e-01	1.296757753999999929e+00	-8.291719122999999803e-01	-2.061972629000000001e+00	2.549463303000000014e+00	-2.882112454999999906e-01	9.404203949999999645e-01	3.980274979999999796e-01	6.363579416000000322e+00	4.537860278999999997e-01	-1.239592276999999972e-02	-1.514692152000000069e+00	1.637855112000000002e+00	2.212742747000000065e+00	2.376659969999999955e+00	-5.160336275000000361e-01	3.583046015999999945e+00	2.143764666000000041e+00	5.185775147000000196e-01	1.083263123000000050e+00	6.316622750999999480e-01
-1.013782071999999923e+00	-5.362415828000000051e-01	6.070940846000000279e-01	1.217725221000000024e+00	9.482193387999999779e-01	-2.737649202999999920e-01	4.550934634000000090e-01	9.899176268999999584e-01	-1.969080238000000094e+00	-1.323563682000000075e+00	1.965726220000000080e+00	-5.213508242000000070e-01	8.175447840999999771e-01	9.528022174000000399e-01	2.070627539000000183e+00	1.112305362000000075e+00	8.028939618999999528e-01	-2.838091523000000116e+00	2.733216805000000083e+00	4.993520036999999911e-01	-8.317809445999999607e-01	3.727372076000000090e-01	2.492944045999999858e+00	-2.488422707999999872e-01	2.015479865000000093e+00	2.315155074000000202e+00	5.982552544000000472e-01
-1.080521776000000100e+00	-5.752077281999999903e-01	8.441041003999999459e-01	1.418495104000000007e+00	3.709239847999999951e-01	-4.145489326999999835e-01	3.964799664000000223e-02	7.179637196999999471e-01	-1.126838793999999977e+00	-6.079261544999999822e-01	-1.292039151000000108e-01	1.718266006999999984e+00	3.733780047999999852e+00	1.285054447000000044e+00	-8.902658016000000174e-01	1.014570484999999911e+00	-4.429472467000000191e-01	-9.243044244000000464e-01	-1.591170677000000033e-01	4.656694463000000117e-01	-7.171445459999999938e-01	-2.323084189000000077e-01	9.409413276000000437e-01	-9.939654755000000563e-02	-1.587277937000000083e+00	1.363997165000000011e+00	-1.103842674000000024e+00
-1.341221934000000005e+00	-6.786484234999999865e-01	2.908268552000000118e-01	-2.935229019000000147e-02	-1.431098605999999940e+00	-6.989479351999999812e-01	-4.243602385999999949e-01	-2.635874514000000057e-01	-1.052745233000000002e+00	-1.413437212999999915e+00	-4.020819062000000055e-01	-6.113475389000000426e-01	3.434662617999999945e+00	-8.628106974999999457e-01	-6.680366332999999601e-01	2.817891334000000025e+00	-2.716207735999999873e+00	-4.471393437999999776e-01	-2.312848983000000136e-01	1.407044350000000055e+00	-1.690875206000000075e+00	-3.289257977999999853e-03	1.238547269999999978e+00	1.371829833000000054e+00	-1.837953723999999900e+00	-9.239377023000000522e-01	-1.607362997000000071e+00
-1.412075103999999914e+00	-1.147768630999999928e+00	4.611647112000000215e-01	-2.762805839999999957e+00	-2.001778825999999789e+00	-5.930640306000000139e-01	-4.040141266999999758e-01	-3.148534231999999822e-01	-9.482720481999999951e-01	-8.333045015000000166e-01	-6.769596938999999924e-01	-1.112370563999999895e+00	6.277290295999999881e-01	-2.718568234000000028e-01	-5.955135679999999931e-01	3.116965211000000124e+00	-1.948690339999999965e+00	-2.190768284999999871e+00	-4.822546887999999976e-01	-2.651987315000000067e-01	-6.444744519999999754e-01	-6.138090380999999818e-01	-5.917868587999999819e-02	2.408530728000000121e+00	-1.931347187000000076e+00	-7.582627486999999888e-01	-2.840003169000000049e+00
-1.453662294999999993e+00	-1.371344786999999954e+00	2.755322145999999917e-01	-3.157714381999999986e+00	-1.707540630000000004e+00	-7.628366720999999462e-01	-4.185987178999999725e-01	-3.106445827000000048e-01	-8.873733287999999719e-01	-1.288867312999999903e+00	2.003207236000000002e-01	-1.536385757999999990e+00	-1.232658296999999958e+00	-3.237071793999999891e-01	7.274654211999999343e-02	1.982681391999999931e+00	-1.803339655000000041e+00	-1.237456354999999952e+00	5.407443580999999888e-01	4.745518703000000116e-01	-1.018562763000000038e+00	3.981483286999999982e-01	7.560357102000000440e-01	-3.988511100000000087e-01	6.450460047999999336e-02	6.508837563999999576e-01	-1.385272923000000045e+00
-1.340674907999999999e+00	-1.047925425000000077e+00	8.119947455999999564e-01	-2.132221453000000100e+00	-4.849485382000000011e-01	-1.376418909999999884e-01	-2.639364595999999993e-02	4.259488045000000001e-01	-4.522007529000000026e-01	-1.009457449999999978e+00	1.447301554999999906e+00	-1.046878543999999911e+00	-1.377511366000000015e+00	6.928140901999999546e-01	1.327994959999999891e-01	1.186757462999999957e+00	-5.043867954999999847e-01	-6.305803393000000145e-01	9.415921301999999882e-01	5.620320454999999660e-01	-3.508949286999999972e-01	-1.025078849000000014e+00	5.367024201000000216e-01	-4.249120806000000194e-01	-1.777752329999999992e+00	9.285500268999999918e-01	-9.207083554999999642e-01
-1.290960383000000045e+00	-1.042842636000000045e+00	7.978566236999999894e-01	-8.923634450999999856e-01	3.969791265000000013e-01	-4.438329315000000275e-01	-5.058519214999999958e-02	4.182585099000000195e-01	-7.426317635000000417e-01	-5.598889833000000316e-01	1.661598721999999917e+00	1.801131102999999900e-01	-6.207440485999999868e-01	1.557130418999999932e+00	6.935780925000000208e-01	9.395085443999999786e-01	1.244871000000000061e+00	-1.002704100999999959e+00	-3.300165060999999955e-01	-1.675632079999999913e-01	7.496227901999999998e-01	-1.022124510999999902e+00	1.527792601000000028e+00	-1.521107890999999990e+00	-3.715335491999999934e-02	-2.331824463999999930e-01	-1.598843406999999939e+00
-1.163433071000000041e+00	-1.054099679999999983e+00	9.485196246999999525e-01	2.704600536999999805e-01	1.127969135999999928e+00	-1.525164535999999904e-01	2.133372131999999866e-01	3.140271592000000167e-01	-1.079468309999999986e+00	-3.811159439999999843e-01	1.862603632999999981e+00	9.993332992000000248e-01	6.267200790000000687e-02	2.189262065999999951e+00	-2.913803245000000097e-01	7.207664010000000010e-01	2.223363427999999864e+00	-4.380607296999999845e-01	1.846054751999999910e+00	-1.115896352999999966e-02	9.274055379000000210e-01	-3.310434868000000086e-01	1.591740753000000064e+00	-4.766760937999999781e-01	-2.397859622000000079e-01	4.511534320999999736e-01	-1.216446421999999972e+00
-1.175122811999999906e+00	-8.787318196000000192e-01	8.419875614999999813e-01	1.273996015999999898e+00	1.625464087999999974e+00	-3.153235668000000103e-01	4.608737350000000066e-01	6.836557245000000373e-03	-1.257284883999999936e+00	-4.332347233000000131e-01	1.787263578999999991e+00	1.516655142000000067e+00	1.165245418000000033e+00	1.763667635000000011e+00	-1.927966442000000058e-01	4.583386928000000027e-01	2.541340663000000166e+00	-9.913818955000000543e-02	7.111731506999999786e-01	1.891209892999999864e-01	1.179890813999999954e+00	-3.971996138000000176e-02	1.634410335999999964e+00	-4.185441118000000071e-01	4.810506482999999944e-01	1.477422003999999900e+00	-1.007967681000000004e+00
-1.111029731999999992e+00	-6.925517214999999949e-01	9.395284702999999737e-01	2.040524285000000049e+00	2.211092344999999959e+00	-4.069362854999999946e-01	3.660428849999999845e-01	8.036206194999999386e-02	-1.280616873999999905e+00	-4.667443414999999929e-01	1.846028020000000103e+00	1.855747376999999920e+00	2.073706028999999784e+00	2.354005907999999980e+00	-5.107667635999999511e-01	1.677075128000000137e-01	1.872478050000000005e+00	9.084915697000000012e-01	2.218409272000000154e+00	1.123066236999999967e+00	7.282561486999999945e-01	7.903513401999999466e-02	1.489327561000000077e+00	1.671624706000000016e-01	5.547855076000000052e-01	7.306319503000000548e-01	-8.311359231999999597e-01
-1.214733980000000102e+00	-8.618705785000000397e-01	1.056825088000000079e+00	2.221191404999999897e+00	1.882154239999999978e+00	-5.020107874000000470e-01	4.567279753999999858e-01	2.143359183999999917e-01	-1.380568360999999911e+00	-2.637545964999999937e-01	1.288345595000000010e+00	1.810306211999999970e+00	2.324015226999999850e+00	1.838104170000000037e+00	-4.792258132000000170e-01	1.678809722999999865e-01	1.767583412000000020e+00	-2.728596111000000102e-01	5.253664229999999852e-02	2.529485182999999804e-01	2.066630536999999879e-01	-9.975926894999999350e-02	1.152952720999999903e+00	7.244658453000000220e-01	-2.521243805999999754e-01	1.342041360000000072e+00	-1.990407620000000100e-01
-1.364106049000000098e+00	-8.616167813999999758e-01	8.948437662999999542e-01	1.612276271000000039e+00	1.697305516999999986e+00	-4.570168661999999826e-01	3.831729711999999899e-01	3.815695317000000197e-01	-1.285537329000000062e+00	-4.102000948000000258e-01	1.309074507000000054e+00	1.058367475999999918e+00	1.950580742000000090e+00	1.570188582999999971e+00	-2.541135840000000035e-01	-2.692733252999999771e-01	1.350373483999999902e+00	4.619725968000000238e-01	1.695657258000000001e+00	1.466450030999999932e+00	-4.573756768000000195e-01	3.156365810999999799e-01	1.210754663999999980e+00	-5.225614801000000309e-02	4.333199558999999979e-01	-7.180089495000000488e-01	6.524808484999999880e-01
-1.430688045999999991e+00	-7.782321940999999965e-01	6.985034284000000149e-01	1.843508836999999900e+00	1.820840923000000000e+00	-6.744753224999999741e-01	9.389652499999999458e-02	4.390655706000000102e-01	-1.184691439999999929e+00	-2.111258386000000042e-01	1.129603673000000086e+00	1.710733137000000070e+00	1.763961442000000046e+00	2.091052439999999901e+00	5.805234126999999633e-01	-7.226249416000000148e-01	1.380774361000000061e+00	8.867647688999999445e-02	1.155404944000000045e+00	-4.625365544000000217e-01	3.318936575999999888e-02	1.970384299000000061e-01	4.093362319000000138e-01	7.386630906000000163e-01	-4.314115569000000205e-02	1.199547681999999948e+00	1.196444899000000062e+00
-1.445653770999999921e+00	-7.263789845000000467e-01	8.610269958999999806e-01	1.428077685000000097e+00	1.830355823000000104e+00	-5.074825366999999865e-01	7.958176776000000507e-02	1.533704975000000081e-01	-1.554827141000000079e+00	-4.992044342999999995e-01	1.187754621000000066e+00	9.539344137999999917e-01	1.331437559999999909e+00	1.835855328999999925e+00	7.745217578999999963e-01	-1.175564587000000050e-01	1.247152889999999958e+00	9.847918898999999948e-01	1.071895899999999902e+00	1.686663334999999986e+00	-8.189070859999999508e-01	5.256326748999999854e-01	6.838149347999999961e-01	-5.055049821000000554e-01	1.426491780999999959e+00	6.189435162999999962e-01	1.230457096000000083e+00
-1.493825871999999944e+00	-6.721333627000000144e-01	7.010085867999999998e-01	1.693896666999999967e+00	2.273797077999999861e+00	-6.301484614000000262e-01	1.152279662000000038e-01	2.581298516000000154e-01	-1.184099554000000110e+00	-5.894159965999999917e-01	1.235414730000000016e+00	1.776571581000000011e+00	1.668637181000000025e+00	1.799573219000000002e+00	1.158449639000000086e+00	-3.573553959999999918e-01	2.063310169999999832e+00	1.444977138999999910e+00	1.603098649000000098e+00	1.399605000999999960e-01	-4.198564659999999837e-01	9.035508668999999715e-01	1.080403011000000024e+00	3.600702391999999752e-01	9.664076083000000539e-01	1.273829517000000022e+00	1.677314533999999968e+00
-1.506751439000000081e+00	-5.149824328000000007e-01	8.832540682999999726e-01	1.643350569999999955e+00	2.128187822000000118e+00	-5.010249315999999453e-01	7.361515237000000600e-02	-3.164084494000000136e-01	-1.225984286000000090e+00	-3.780400013999999920e-01	4.933597435000000031e-01	9.627427482000000536e-01	1.015483608000000038e+00	1.300956355000000064e+00	5.607725761999999836e-01	1.270230643999999964e+00	2.235932088999999845e+00	1.539591755000000006e+00	-3.012374831000000017e-02	2.140642990999999995e+00	-7.102345683999999881e-01	5.935071414999999462e-01	9.997094047000000261e-01	9.450541015000000211e-01	4.462520593000000035e-01	1.330730193000000117e-01	1.629817631999999961e+00
-1.557758654999999992e+00	-7.447954100000000466e-01	5.722251672000000511e-01	2.842997412000000113e-01	1.963751078999999899e+00	-8.592105867999999536e-01	-3.486203811000000014e-02	-4.064624455999999997e-01	-1.180403172999999972e+00	-3.452528731000000239e-01	-3.512182186000000206e-01	4.951610658000000220e-01	6.973229655999999554e-01	1.097773206000000057e+00	8.443951511999999715e-01	5.954083487000000341e-01	1.106987452999999899e+00	4.189282383999999859e-01	1.249904727999999965e+00	1.258757949999999903e+00	-9.119254647000000213e-01	1.297743865000000052e-01	2.595292155000000212e-01	2.547807496999999977e+00	5.703467365000000067e-01	2.915056106999999730e-01	6.003903933999999998e-01
-1.604742155000000059e+00	-5.293680946000000054e-01	5.870980851999999528e-01	8.610312007000000545e-01	2.032921094000000206e+00	-6.258719600000000050e-01	-7.132041262999999631e-02	7.238643772999999726e-01	-6.648921124000000127e-01	-4.511867611000000000e-01	2.674723223000000094e-02	7.015074194000000540e-01	1.342259303999999931e+00	1.559872574999999983e+00	1.512198554000000028e+00	-1.093195309000000032e-01	3.759488324999999964e-01	2.865633167000000148e-01	4.679571552999999828e-01	6.222846678000000242e-01	-5.476344102000000325e-01	4.604366615000000107e-01	-5.216200232999999853e-02	5.420064458000000140e-01	1.546299915999999941e+00	3.021273064999999841e-02	7.664056644000000196e-01
-1.681167362999999915e+00	-6.850907075000000068e-01	6.656409775999999612e-01	9.316454872999999637e-01	4.439210531000000182e-01	-4.415760382999999734e-01	-1.259124468000000045e-02	6.875792044999999852e-01	-8.124424762999999938e-01	-6.859669785999999991e-01	3.298899491000000239e-01	-6.281424079999999854e-01	1.279786385999999998e-01	1.308470156000000051e+00	1.109894452999999892e+00	1.738439016999999975e-01	-4.523182575000000288e-02	-1.602953950000000072e+00	1.645072998999999925e+00	2.298018427999999891e-01	-1.124036009999999974e+00	-6.426766082999999519e-01	1.141370111999999937e+00	1.124574556000000003e+00	6.147191684999999683e-01	7.084274193999999802e-01	1.187400679000000014e+00
-1.712834594000000044e+00	-1.062394810000000023e+00	9.375255229000000190e-01	-1.858454089999999892e-01	-8.317370608999999360e-02	-4.074812769000000223e-01	1.974768865999999845e-02	5.009966343999999738e-01	-6.623096625000000071e-01	-4.962680144000000126e-01	1.124779533000000109e+00	-3.367419074999999928e-01	-5.872339004000000084e-01	8.018078858999999614e-01	6.678325526999999706e-01	-2.311593010999999920e-01	-8.500159452000000115e-02	-1.830201060999999907e+00	2.222933299000000029e-01	1.535916421999999892e+00	-1.445432470000000080e+00	2.932927568999999998e-02	4.554675180000000156e-01	8.289093866000000199e-01	7.146863731999999469e-01	1.282416478000000026e+00	1.639745099999999900e-01
